Data,Data,Distancia,Tempo,Segundos,Minutos,Horas,Minutos_por_KM
2015-08-02,2015-08-02,1.7,0,0,0.0,0.0,0.0
2015-08-03,2015-08-03,1.4,0,0,0.0,0.0,0.0
2015-08-04,2015-08-04,2.1,0,0,0.0,0.0,0.0
2015-08-06,2015-08-06,2.38,0,0,0.0,0.0,0.0
2015-08-07,2015-08-07,2.3,0,0,0.0,0.0,0.0
2015-08-08,2015-08-08,3.4,0,0,0.0,0.0,0.0
2015-08-09,2015-08-09,2.5,0,0,0.0,0.0,0.0
2015-08-10,2015-08-10,3.36,0:28:37,1717,28.616666666666667,0.47694444444444445,8.516865079365079
2015-08-11,2015-08-11,1.67,0:13:07,787,13.116666666666667,0.21861111111111112,7.854291417165669
2015-08-12,2015-08-12,1.42,0:10:35,635,10.583333333333334,0.1763888888888889,7.453051643192489
2015-08-13,2015-08-13,2.35,0:17:25,1045,17.416666666666668,0.2902777777777778,7.411347517730497
2015-08-14,2015-08-14,0.9,0:06:16,376,6.266666666666667,0.10444444444444444,6.962962962962963
2015-08-14,2015-08-14,0.9,0:06:16,376,6.266666666666667,0.10444444444444444,6.962962962962963
2015-08-15,2015-08-15,1.78,0,0,0.0,0.0,0.0
2015-08-16,2015-08-16,0.65,0,0,0.0,0.0,0.0
2015-08-17,2015-08-17,1.34,0,0,0.0,0.0,0.0
2015-08-18,2015-08-18,0.65,0,0,0.0,0.0,0.0
2015-08-19,2015-08-19,1.37,0,0,0.0,0.0,0.0
2015-08-19,2015-08-19,1.37,0,0,0.0,0.0,0.0
2015-08-20,2015-08-20,1.37,0:09:33,573,9.55,0.15916666666666668,6.970802919708029
2015-08-21,2015-08-21,1.37,0:09:24,564,9.4,0.15666666666666668,6.861313868613139
2015-08-22,2015-08-22,1.37,0:09:05,545,9.083333333333334,0.1513888888888889,6.630170316301703
2015-08-23,2015-08-23,1.34,0,0,0.0,0.0,0.0
2015-08-24,2015-08-24,3.0,0,0,0.0,0.0,0.0
2015-08-25,2015-08-25,1.37,0:08:55,535,8.916666666666666,0.1486111111111111,6.508515815085158
2015-08-25,2015-08-25,1.34,0,0,0.0,0.0,0.0
2015-08-26,2015-08-26,1.37,0:10:30,630,10.5,0.175,7.664233576642335
2015-08-27,2015-08-27,2.5,0:25:00,1500,25.0,0.4166666666666667,10.0
2015-08-29,2015-08-29,5.0,0:43:27,2607,43.45,0.7241666666666667,8.690000000000001
2015-09-02,2015-09-02,2.0,0,0,0.0,0.0,0.0
2015-09-04,2015-09-04,3.05,0,0,0.0,0.0,0.0
2015-09-05,2015-09-05,3.05,0:23:50,1430,23.833333333333332,0.3972222222222222,7.814207650273224
2015-09-08,2015-09-08,3.05,0:23:11,1391,23.183333333333334,0.3863888888888889,7.601092896174864
2015-09-10,2015-09-10,1.37,0:08:57,537,8.95,0.14916666666666664,6.532846715328466
2015-09-12,2015-09-12,3.05,0:23:46,1426,23.766666666666666,0.3961111111111111,7.7923497267759565
2015-09-16,2015-09-16,3.05,0:22:48,1368,22.8,0.38,7.475409836065574
2015-09-17,2015-09-17,1.5,0:11:06,666,11.1,0.185,7.3999999999999995
2015-09-19,2015-09-19,1.37,0:09:45,585,9.75,0.1625,7.116788321167883
2015-09-21,2015-09-21,4.03,0:30:22,1822,30.366666666666667,0.5061111111111111,7.535153019023986
2015-09-28,2015-09-28,1.5,0:11:18,678,11.3,0.18833333333333335,7.533333333333334
2015-09-28,2015-09-28,1.5,0:11:18,678,11.3,0.18833333333333335,7.533333333333334
2015-09-29,2015-09-29,3.05,0:21:55,1315,21.916666666666668,0.3652777777777778,7.185792349726777
2015-10-04,2015-10-04,4.63,0:40:00,2400,40.0,0.6666666666666666,8.639308855291576
2015-10-04,2015-10-04,1.87,0,0,0.0,0.0,0.0
2015-10-04,2015-10-04,4.08,0:33:00,1980,33.0,0.55,8.088235294117647
2015-10-12,2015-10-12,3.05,0:22:37,1357,22.616666666666667,0.37694444444444447,7.415300546448088
2015-10-14,2015-10-14,1.37,0:09:05,545,9.083333333333334,0.1513888888888889,6.630170316301703
2015-10-18,2015-10-18,1.5,0:09:40,580,9.666666666666666,0.1611111111111111,6.444444444444444
2015-10-18,2015-10-18,1.5,0,0,0.0,0.0,0.0
2015-10-18,2015-10-18,1.37,0,0,0.0,0.0,0.0
2015-10-20,2015-10-20,1.37,0:08:36,516,8.6,0.14333333333333334,6.277372262773722
2015-10-25,2015-10-25,2.0,0,0,0.0,0.0,0.0
2015-10-31,2015-10-31,2.01,0,0,0.0,0.0,0.0
2015-11-02,2015-11-02,1.37,0:08:43,523,8.716666666666667,0.14527777777777778,6.362530413625303
2015-11-03,2015-11-03,5.3,0:39:26,2366,39.43333333333333,0.6572222222222222,7.4402515723270435
2015-11-04,2015-11-04,3.05,0:22:12,1332,22.2,0.37,7.278688524590164
2015-11-07,2015-11-07,5.63,0:49:05,2945,49.083333333333336,0.8180555555555556,8.718176435760805
2015-11-07,2015-11-07,1.26,0,0,0.0,0.0,0.0
2015-11-07,2015-11-07,1.2,0,0,0.0,0.0,0.0
2015-11-09,2015-11-09,3.05,0:22:36,1356,22.6,0.3766666666666667,7.409836065573772
2015-11-10,2015-11-10,1.5,0:09:00,540,9.0,0.15,6.0
2015-11-10,2015-11-10,1.5,0:11:33,693,11.55,0.1925,7.7
2015-11-10,2015-11-10,4.0,0,0,0.0,0.0,0.0
2015-11-23,2015-11-23,3.05,0:22:35,1355,22.583333333333332,0.3763888888888889,7.404371584699454
2015-11-27,2015-11-27,1.0,0,0,0.0,0.0,0.0
2015-11-28,2015-11-28,3.0,0,0,0.0,0.0,0.0
2015-12-09,2015-12-09,2.93,0:25:00,1500,25.0,0.4166666666666667,8.532423208191126
2015-12-12,2015-12-12,1.37,0:09:15,555,9.25,0.15416666666666667,6.751824817518248
2015-12-13,2015-12-13,5.3,0:43:36,2616,43.6,0.7266666666666667,8.226415094339623
2015-12-13,2015-12-13,2.21,0:18:59,1139,18.983333333333334,0.3163888888888889,8.58974358974359
2015-12-15,2015-12-15,6.5,0:58:43,3523,58.71666666666667,0.9786111111111111,9.033333333333333
2015-12-17,2015-12-17,12.0,1:39:00,5940,99.0,1.65,8.25
2015-12-19,2015-12-19,3.1,0:26:15,1575,26.25,0.4375,8.46774193548387
2015-12-20,2015-12-20,14.8,2:15:00,8100,135.0,2.25,9.121621621621621
2015-12-22,2015-12-22,3.1,0:28:00,1680,28.0,0.4666666666666667,9.032258064516128
2015-12-23,2015-12-23,5.63,0:51:50,3110,51.833333333333336,0.8638888888888889,9.206631142687982
2015-12-24,2015-12-24,3.05,0:25:08,1508,25.133333333333333,0.41888888888888887,8.240437158469947
2015-12-25,2015-12-25,14.8,2:20:00,8400,140.0,2.3333333333333335,9.45945945945946
2015-12-26,2015-12-26,5.2,0,0,0.0,0.0,0.0
2015-12-30,2015-12-30,3.15,0:22:10,1330,22.166666666666668,0.36944444444444446,7.037037037037037
2016-01-01,2016-01-01,26.2,4:20:43,15643,260.71666666666664,4.345277777777778,9.951017811704833
